Measurements,UNet Predicted [mm],Manual [mm],MAE [mm],Relative Error [%]
OFD,107.96876041348527,106.5,1.4687604134852705,1.3791177591410992
Mento-vertical diameter,121.49367351662886,123.3,1.8063264833711372,1.4649849824583432
BPD,92.17064898352389,92.73,0.5593510164761142,0.6032039431425797
Bihumeral diameter,92.86123100447092,97.69,4.8287689955290745,4.942951167498285
Fetal head circumference (HC),314.378249127722,339.0,24.621750872278028,7.263053354654285
