Measurements,UNet Predicted [mm],Manual [mm],MAE [mm],Relative Error [%]
OFD,105.625357790756,105.3,0.32535779075600146,0.30898175760304036
Mento-vertical diameter,124.57409720890537,125.1,0.525902791094623,0.4203859241363893
BPD,89.62110707411526,90.75,1.1288929258847418,1.2439591469804316
Bihumeral diameter,85.29719866255738,82.15,3.147198662557372,3.831039151013234
Fetal head circumference (HC),306.6924298294286,318.8,12.107570170571421,3.797857644470333
