Measurements,UNet Predicted [mm],Manual [mm],MAE [mm],Relative Error [%]
OFD,112.70632779448341,111.5,1.206327794483414,1.0819083358595643
Mento-vertical diameter,132.89988312928637,137.1,4.200116870713629,3.063542575283464
BPD,94.25178459841847,96.09,1.838215401581536,1.9130142591128483
Bihumeral diameter,91.49540202911936,92.09,0.5945979708806419,0.6456705080688913
Fetal head circumference (HC),325.08904274717565,347.6,22.51095725282437,6.476109681479968
