Measurements,UNet Predicted [mm],Manual [mm],MAE [mm],Relative Error [%]
OFD,112.70632779448341,111.5,1.206327794483414,1.0819083358595643
Mento-vertical diameter,132.89988312928637,130.1,2.7998831292863713,2.15210079115017
BPD,94.25178459841847,99.6,5.348215401581527,5.369694178294706
Bihumeral diameter,91.49540202911936,103.4,11.904597970880644,11.513150842244336
Fetal head circumference (HC),325.08904274717565,347.6,22.51095725282437,6.476109681479968
