Measurements,UNet Predicted [mm],Manual [mm],MAE [mm],Relative Error [%]
OFD,107.96876041348527,111.5,3.5312395865147295,3.167031019295721
Mento-vertical diameter,121.49367351662886,135.1,13.606326483371134,10.07130013572993
BPD,92.17064898352389,95.09,2.9193510164761136,3.070092561232636
Bihumeral diameter,92.86123100447092,92.09,0.7712310044709199,0.8374753007611249
