Measurements,UNet Predicted [mm],Manual [mm],MAE [mm],Relative Error [%]
OFD,105.625357790756,111.5,5.874642209244001,5.268737407393723
Mento-vertical diameter,124.57409720890537,135.1,10.525902791094623,7.791193775791728
BPD,89.62110707411526,95.09,5.468892925884745,5.75128081384451
Bihumeral diameter,85.29719866255738,92.09,6.792801337442626,7.376263804368145
