Measurements,UNet Predicted [mm],Manual [mm],MAE [mm],Relative Error [%]
Inlet transverse diameter,140.76390892200286,131.7,9.063908922002867,6.882239120731107
Interspines distance,126.70302538619475,133.2,6.496974613805236,4.8776085689228506
Intertuburious distance,115.52263252826226,124.3,8.777367471737733,7.061438030360204
Obstetric conjugate,143.8280827836996,133.6,10.22808278369962,7.655750586601512
Midpelvis AP diameter,122.84620999099182,120.0,2.8462099909918237,2.371841659159853
Inlet AP diameter,142.77101570772186,130.9,11.871015707721853,9.068766774424638
Pelvic inlet circumference,445.37561812643946,452.5,7.124381873560537,1.574449032831058
Mid pelvis circumference,391.9910222849597,380.2,11.791022284959695,3.1012683548026554
