Measurements,UNet Predicted [mm],Manual [mm],MAE [mm],Relative Error [%]
Inlet transverse diameter,138.49273194834768,147.0,8.507268051652318,5.787257177994774
Interspines distance,120.05560260175135,128.0,7.944397398248654,6.206560467381761
Intertuburious distance,111.72956823030908,115.8,4.070431769690913,3.5150533417019973
Obstetric conjugate,138.81135970955964,145.5,6.688640290440361,4.597003636041485
Midpelvis AP diameter,134.92385269159024,121.1,13.823852691590247,11.415237565309866
Inlet AP diameter,135.826802847921,141.7,5.873197152079001,4.144810975355682
