Measurements,UNet Predicted [mm],Manual [mm],MAE [mm],Relative Error [%]
Inlet transverse diameter,137.64109282069214,147.0,9.358907179307863,6.366603523338682
Interspines distance,125.7814134473971,128.0,2.2185865526029005,1.733270744221016
Intertuburious distance,116.15725695710395,115.8,0.35725695710395655,0.3085120527668018
Obstetric conjugate,139.8082385032792,145.5,5.691761496720801,3.911863571629416
Midpelvis AP diameter,127.65024493289435,121.1,6.550244932894358,5.408955353339685
Inlet AP diameter,135.32014529791513,141.7,6.379854702084856,4.502367467949793
