Measurements,UNet Predicted [mm],Manual [mm],MAE [mm],Relative Error [%]
Inlet transverse diameter,129.97143313574927,131.7,1.7285668642507233,1.3125033137818705
Interspines distance,133.12716797397871,133.2,0.07283202602127403,0.0546786982141697
Intertuburious distance,127.39246633745347,124.3,3.092466337453473,2.4879053398660282
Obstetric conjugate,128.0089540009043,133.6,5.591045999095684,4.184914669981799
Midpelvis AP diameter,114.14565743631329,120.0,5.854342563686714,4.878618803072262
Inlet AP diameter,127.7785897056329,130.9,3.1214102943671094,2.3845762371024515
