Measurements,UNet Predicted [mm],Manual [mm],MAE [mm],Relative Error [%]
Inlet transverse diameter,134.71385184345286,142.7,7.986148156547131,5.5964598153799106
Interspines distance,121.57067205243402,120.9,0.6706720524340142,0.5547328804251564
Intertuburious distance,111.33982806854338,114.0,2.660171931456617,2.333484150400541
Obstetric conjugate,132.03615055953762,138.1,6.063849440462377,4.390911977163198
Midpelvis AP diameter,118.36620042170028,123.5,5.1337995782997154,4.156922735465356
Inlet AP diameter,125.74577312693685,128.3,2.5542268730631577,1.990823751413217
Pelvic inlet circumference,409.12902218186446,423.1,13.970977818135566,3.3020510087770183
Mid pelvis circumference,376.8919579450257,375.3,1.5919579450256833,0.42418277245555114
