Measurements,UNet Predicted [mm],Manual [mm],MAE [mm],Relative Error [%]
Inlet transverse diameter,140.76390892200286,147.0,6.236091077997145,4.242238828569486
Interspines distance,126.70302538619475,128.0,1.2969746138052471,1.0132614170353493
Intertuburious distance,115.52263252826226,115.8,0.27736747173773324,0.23952285987714445
Obstetric conjugate,143.8280827836996,145.5,1.6719172163003861,1.14908399745731
Midpelvis AP diameter,122.84620999099182,121.1,1.7462099909918294,1.4419570528421382
Inlet AP diameter,142.77101570772186,145.7,2.9289842922781304,2.010284346107159
Pelvic inlet circumference,445.37561812643946,452.5,7.124381873560537,1.574449032831058
Mid pelvis circumference,391.9910222849597,380.2,11.791022284959695,3.1012683548026554
