Measurements,UNet Predicted [mm],Manual [mm],MAE [mm],Relative Error [%]
Inlet transverse diameter,138.49273194834768,142.3,3.807268051652329,2.675522172629887
Interspines distance,120.05560260175135,118.7,1.3556026017513432,1.1420409450306177
Intertuburious distance,111.72956823030908,110.0,1.7295682303090842,1.5723347548264401
Obstetric conjugate,138.81135970955964,141.8,2.9886402904403724,2.1076447746406006
Midpelvis AP diameter,134.92385269159024,136.5,1.5761473084097588,1.1546866728276621
Inlet AP diameter,135.826802847921,133.3,2.526802847920976,1.8955760299482192
Pelvic inlet circumference,430.90011762606366,427.3,3.60011762606365,0.84252694267813
Mid pelvis circumference,400.5207917829445,382.4,18.120791782944536,4.738700780058718
