Measurements,UNet Predicted [mm],Manual [mm],MAE [mm],Relative Error [%]
Inlet transverse diameter,137.64109282069214,142.1,4.458907179307857,3.1378657137986328
Interspines distance,125.7814134473971,128.7,2.918586552602889,2.2677440191164644
Intertuburious distance,116.15725695710395,118.9,2.742743042896052,2.306764544067327
Obstetric conjugate,139.8082385032792,138.4,1.4082385032791933,1.0175133694213825
Midpelvis AP diameter,127.65024493289435,130.7,3.049755067105636,2.3334009694763855
Inlet AP diameter,135.32014529791513,131.3,4.020145297915121,3.0618014454799094
Pelvic inlet circumference,428.7665101940954,417.0,11.766510194095417,2.821705082516887
Mid pelvis circumference,398.08951807730085,383.9,14.189518077300875,3.696149538239353
